<configuration>

    <!-- Define the TRACE level appender -->
    <appender name="TRACE_FILE" class="ch.qos.logback.core.FileAppender">
        <file>log/trace.log</file>
        <append>true</append>
        <encoder>
            <pattern>%date{ISO8601} [%-5level] %logger{35} - %msg%n</pattern>
        </encoder>
        <filter class="ch.qos.logback.classic.filter.LevelFilter">
            <level>TRACE</level>
            <onMatch>ACCEPT</onMatch>
            <onMismatch>DENY</onMismatch>
        </filter>
    </appender>

    <!-- Define the DEBUG level appender -->
    <appender name="DEBUG_FILE" class="ch.qos.logback.core.FileAppender">
        <file>log/debug.log</file>
        <append>true</append>
        <encoder>
            <pattern>%date{ISO8601} [%-5level] %logger{35} - %msg%n</pattern>
        </encoder>
        <filter class="ch.qos.logback.classic.filter.LevelFilter">
            <level>DEBUG</level>
            <onMatch>ACCEPT</onMatch>
            <onMismatch>DENY</onMismatch>
        </filter>
    </appender>

    <!-- Define the INFO level appender -->
    <appender name="INFO_FILE" class="ch.qos.logback.core.FileAppender">
        <file>log/info.log</file>
        <append>true</append>
        <encoder>
            <pattern>%date{ISO8601} [%-5level] %logger{35} - %msg%n</pattern>
        </encoder>
        <filter class="ch.qos.logback.classic.filter.LevelFilter">
            <level>INFO</level>
            <onMatch>ACCEPT</onMatch>
            <onMismatch>DENY</onMismatch>
        </filter>
    </appender>

    <!-- Define the WARN level appender -->
    <appender name="WARN_FILE" class="ch.qos.logback.core.FileAppender">
        <file>log/warn.log</file>
        <append>true</append>
        <encoder>
            <pattern>%date{ISO8601} [%-5level] %logger{35} - %msg%n</pattern>
        </encoder>
        <filter class="ch.qos.logback.classic.filter.LevelFilter">
            <level>WARN</level>
            <onMatch>ACCEPT</onMatch>
            <onMismatch>DENY</onMismatch>
        </filter>
    </appender>

    <!-- Define the ERROR level appender -->
    <appender name="ERROR_FILE" class="ch.qos.logback.core.FileAppender">
        <file>log/error.log</file>
        <append>true</append>
        <encoder>
            <pattern>%date{ISO8601} [%-5level] %logger{35} - %msg%n</pattern>
        </encoder>
        <filter class="ch.qos.logback.classic.filter.LevelFilter">
            <level>ERROR</level>
            <onMatch>ACCEPT</onMatch>
            <onMismatch>DENY</onMismatch>
        </filter>
    </appender>

    <!-- Define a console appender -->
    <appender name="CONSOLE" class="ch.qos.logback.core.ConsoleAppender">
        <encoder>
            <pattern>%date{ISO8601} [%-5level] %logger{35} - %msg%n</pattern>
        </encoder>
    </appender>

    <!-- Root logger configuration -->
    <root level="INFO">
        <!-- Additivity false for TRACE level -->
        <appender-ref ref="TRACE_FILE" />
        <appender-ref ref="DEBUG_FILE" />
        <appender-ref ref="INFO_FILE" />
        <appender-ref ref="WARN_FILE" />
        <appender-ref ref="ERROR_FILE" />
        <appender-ref ref="CONSOLE" /> <!-- Add the console appender -->
    </root>

    <!-- Logger configuration for TRACE level -->
    <logger name="com.acme" level="TRACE">
        <appender-ref ref="CONSOLE" /> <!-- Add the console appender for TRACE level -->
    </logger>

</configuration>